http://tomantonick.com,Tom Antonick
http://blatchward1.ca,Chris Blatch
http://jacobforward1.ca,Jacob McGregor
http://electgaz.ca,Gaz Qamar
http://shaunasears.com,Shauna Sears
http://sonyasharp.ca,Sonya Sharp
http://larrytweedale.com,Larry Tweedale
http://webbforwardone.ca,Steve Webb
http://francisaranha.ca,Francis Aranha
http://https://www.ward2.ca/,Joe Magliocca
http://sareensingh.ca,Sareen Singh
http://kimtyers.com,Kim (Dong) Tyers
http://theowardtwo.ca,Theo van Besouw
http://jenniferwyness.com,Jennifer Wyness
http://hamayunakbar.ca,Hamayun Akbar
http://www.junlin.ca,Jun Lin
http://mcanerin.ca,Ian McAnerin
http://jasmine4ward3.ca,Jasmine Mian
http://gurbirward3.ca,Gurbir S. Nijjar
http://natepike.ca,Nate Pike
http://kumarsharma.ca,Kumar Sharma
http://brenttrenholm.ca,Brent Trenholm
http://seanchu.ca,Sean Chu
http://djkelly.ca,Daniel James (DJ) Kelly
http://mcintyreward4.com,Angela McIntyre
http://shanerobertsward4.org,Shane Roberts
http://anandchetty.ca,Anand James Chetty
http://voteraj.ca,Raj Dhaliwal
http://tudor4ward5.ca,Tudor Dinca
http://electtariqkhan.ca,Tariq Khan
http://votemerali.ca,Tahir Merali
http://electsadat.com,Aryan Sadat
http://www.votestan.ca,Stan Sandhu
http://lanabentley.ca,Lana Bentley
http://voteforhallward6.ca,Duane Hall
http://sanjeevkad.ca,Sanjeev Kad
http://richard4ward6.com,Richard Pootmans
http://gregamoruso.ca,Greg Amoruso
http://mattward7.ca,Matt Lalonde
http://heather4ward7.ca,Heather McRae
http://marilynward7.ca,Marilyn North Peigan
http://benjaminshepherd.ca,Benjamin Shepherd
http://www.erinwaite.ca,Erin Waite
http://ward7derek.ca,Derek Williams
http://terrywong.ca,Terry Wong
http://votemonique.ca,Monique Auffrey
http://bergmann4ward8.ca,Paul Bergmann
http://garybobrovitz.ca,Gary Bobrovitz
http://yogihenderson.com,Yogi Henderson
http://philipmitchellyyc.com,Philip Mitchell
http://courtneywalcott.com,Courtney Walcott
http://corneliawiebe.ca,Cornelia Wiebe
http://winkler4ward8.ca,Natalie Winkler
http://carra4ward9.ca,Gian-Carlo Carra
http://kimberlyfeser.ca,Kimberly Feser
http://hadi4ward9.com,Abdirizak Hadi
http://daymondkhan.ca,Daymond Khan
http://lorimasseforward9.com,Lori Masse
http://johnwilliamwade.ca,John-William Wade
http://ward9calgary.com,Naomi Withers
http://andrechabot.ca,Andre Chabot
http://roshanchumber.ca,Roshan Chumber
http://tonydinhward10.com,Tony Dinh
http://carla-evers.com,Carla Evers
http://voteharb.ca,Abed Harb
http://leslynjoseph4ward10.com,Leslyn Joseph
http://kayani.ca,Mushtaq Kayani
http://estherforward10.ca,Esther Sutherland
http://budthurlow.com,Bud Thurlow
http://votevance.ca,Vance Bertram
http://co11aborate.ca,Kourtney Branagan
http://devindefraine.ca,Devin DeFraine
http://laurenherschel.ca,Lauren Herschel
http://votemikejamieson.ca ,Mike Jamieson
http://www.geoffreyvanderburg.com,Geoffrey Vanderburg
http://robward11.ca,Rob Ward
http://electcraigchandler.ca,Craig Chandler
http://johnduta.ca,John (Chubby Hubby) Duta
http://dirkfontaine.ca,Dirk Fontaine
http://teresaforward12.ca,Teresa Hargreaves
http://mikelavalley.ca,Mike LaValley
http://stevenphan.ca,Steven Phan
http://evanspencer.ca,Evan Spencer
http://https://michaelstreilein.ca/,Michael Streilein
http://votediane.ca,Diane Marie Colley-Urquhart
http://danmclean.ca,Dan McLean
http://unsworth.ca,Jay Unsworth
http://votestephendabbagh.ca,Stephen Dabbagh
http://peterdemong.ca,Peter Demong
http://hintonward14.com,Andrea Hinton
http://justantonforward14.ca,Anton Ovtchinnikov